S,D,SD,rho_avg_biased_mean,rho_avg_biased_std,rho_avg_biased_mcse,rho_irt_biased_mean,rho_irt_biased_std,rho_irt_biased_mcse,delta_rho_mean,rho_avg_mcar_mean,rho_avg_mcar_std,rho_avg_mcar_mcse,top_misrank_rate_biased,top_misrank_rate_mcar,n_seeds,n_irt_converged
0.0,0.5,0.0,1.0,0.0,0.0,1.0,0.0,0.0,0.0,1.0,0.0,0.0,0.0,0.0,15,15
0.0,1.0,0.0,1.0,0.0,0.0,1.0,0.0,0.0,0.0,1.0,0.0,0.0,0.0,0.0,15,15
0.0,1.5,0.0,1.0,0.0,0.0,1.0,0.0,0.0,0.0,1.0,0.0,0.0,0.0,0.0,15,15
0.0,2.0,0.0,1.0,0.0,0.0,1.0,0.0,0.0,0.0,1.0,0.0,0.0,0.0,0.0,15,15
0.0,2.5,0.0,1.0,0.0,0.0,1.0,0.0,0.0,0.0,1.0,0.0,0.0,0.0,0.0,15,15
0.0,3.0,0.0,1.0,0.0,0.0,1.0,0.0,0.0,0.0,1.0,0.0,0.0,0.0,0.0,15,15
0.0,3.5,0.0,1.0,0.0,0.0,1.0,0.0,0.0,0.0,1.0,0.0,0.0,0.0,0.0,15,15
0.0,4.0,0.0,1.0,0.0,0.0,1.0,0.0,0.0,0.0,1.0,0.0,0.0,0.0,0.0,15,15
0.0,4.5,0.0,1.0,0.0,0.0,1.0,0.0,0.0,0.0,1.0,0.0,0.0,0.0,0.0,15,15
0.0,5.0,0.0,1.0,0.0,0.0,1.0,0.0,0.0,0.0,1.0,0.0,0.0,0.0,0.0,15,15
0.05,0.5,0.025,0.9992,0.003,0.0008,1.0,0.0,0.0,0.0008,1.0,0.0,0.0,0.0,0.0,15,15
0.05,1.0,0.05,1.0,0.0,0.0,1.0,0.0,0.0,0.0,1.0,0.0,0.0,0.0,0.0,15,15
0.05,1.5,0.075,1.0,0.0,0.0,1.0,0.0,0.0,0.0,1.0,0.0,0.0,0.0,0.0,15,15
0.05,2.0,0.1,1.0,0.0,0.0,1.0,0.0,0.0,0.0,1.0,0.0,0.0,0.0,0.0,15,15
0.05,2.5,0.125,1.0,0.0,0.0,1.0,0.0,0.0,0.0,1.0,0.0,0.0,0.0,0.0,15,15
0.05,3.0,0.15,0.9992,0.003,0.0008,1.0,0.0,0.0,0.0008,0.9984,0.0041,0.0011,0.0,0.0,15,15
0.05,3.5,0.175,1.0,0.0,0.0,1.0,0.0,0.0,0.0,0.9968,0.0054,0.0014,0.0,0.0,15,15
0.05,4.0,0.2,1.0,0.0,0.0,1.0,0.0,0.0,0.0,0.9984,0.0041,0.0011,0.0,0.0,15,15
0.05,4.5,0.225,0.9992,0.003,0.0008,1.0,0.0,0.0,0.0008,0.9976,0.0048,0.0013,0.0,0.0,15,15
0.05,5.0,0.25,0.9992,0.003,0.0008,1.0,0.0,0.0,0.0008,0.9919,0.0085,0.0022,0.0,0.0,15,15
0.1,0.5,0.05,0.9984,0.0041,0.0011,1.0,0.0,0.0,0.0016,1.0,0.0,0.0,0.0,0.0,15,15
0.1,1.0,0.1,1.0,0.0,0.0,1.0,0.0,0.0,0.0,0.9992,0.003,0.0008,0.0,0.0,15,15
0.1,1.5,0.15,0.9992,0.003,0.0008,1.0,0.0,0.0,0.0008,1.0,0.0,0.0,0.0,0.0,15,15
0.1,2.0,0.2,0.9984,0.0041,0.0011,1.0,0.0,0.0,0.0016,1.0,0.0,0.0,0.0,0.0,15,15
0.1,2.5,0.25,0.9976,0.0048,0.0013,1.0,0.0,0.0,0.0024,1.0,0.0,0.0,0.0,0.0,15,15
0.1,3.0,0.3,0.9992,0.003,0.0008,1.0,0.0,0.0,0.0008,0.9984,0.0041,0.0011,0.0,0.0,15,15
0.1,3.5,0.35,0.9976,0.0048,0.0013,1.0,0.0,0.0,0.0024,0.9976,0.0048,0.0013,0.0,0.0,15,15
0.1,4.0,0.4,0.9984,0.0041,0.0011,1.0,0.0,0.0,0.0016,0.9943,0.006,0.0016,0.0,0.0,15,15
0.1,4.5,0.45,0.9984,0.0041,0.0011,1.0,0.0,0.0,0.0016,0.9927,0.0086,0.0022,0.0,0.0,15,15
0.1,5.0,0.5,0.9952,0.0074,0.0019,1.0,0.0,0.0,0.0048,0.9879,0.0133,0.0034,0.07,0.0,15,15
0.15,0.5,0.075,0.9992,0.003,0.0008,1.0,0.0,0.0,0.0008,0.9992,0.003,0.0008,0.0,0.0,15,15
0.15,1.0,0.15,1.0,0.0,0.0,1.0,0.0,0.0,0.0,0.9984,0.0041,0.0011,0.0,0.0,15,15
0.15,1.5,0.225,1.0,0.0,0.0,1.0,0.0,0.0,0.0,0.9935,0.0098,0.0025,0.0,0.0,15,15
0.15,2.0,0.3,0.9984,0.0041,0.0011,1.0,0.0,0.0,0.0016,0.9976,0.0048,0.0013,0.0,0.0,15,15
0.15,2.5,0.375,0.9992,0.003,0.0008,1.0,0.0,0.0,0.0008,0.9935,0.0124,0.0032,0.0,0.0,15,15
0.15,3.0,0.45,0.9976,0.0048,0.0013,1.0,0.0,0.0,0.0024,0.9935,0.0075,0.0019,0.0,0.0,15,15
0.15,3.5,0.525,0.996,0.0057,0.0015,1.0,0.0,0.0,0.004,0.996,0.0057,0.0015,0.0,0.0,15,15
0.15,4.0,0.6,0.996,0.0057,0.0015,1.0,0.0,0.0,0.004,0.9943,0.006,0.0016,0.0,0.07,15,15
0.15,4.5,0.675,0.9927,0.0115,0.003,1.0,0.0,0.0,0.0073,0.9854,0.0225,0.0058,0.0,0.0,15,15
0.15,5.0,0.75,0.9814,0.0165,0.0043,1.0,0.0,0.0,0.0186,0.9852,0.0141,0.0036,0.0,0.07,15,15
0.2,0.5,0.1,1.0,0.0,0.0,1.0,0.0,0.0,0.0,0.9984,0.0041,0.0011,0.0,0.07,15,15
0.2,1.0,0.2,0.9992,0.003,0.0008,1.0,0.0,0.0,0.0008,0.9984,0.0041,0.0011,0.0,0.0,15,15
0.2,1.5,0.3,0.9952,0.0097,0.0025,1.0,0.0,0.0,0.0048,1.0,0.0,0.0,0.0,0.0,15,15
0.2,2.0,0.4,0.9976,0.0048,0.0013,1.0,0.0,0.0,0.0024,0.9976,0.0048,0.0013,0.0,0.0,15,15
0.2,2.5,0.5,0.9935,0.0098,0.0025,1.0,0.0,0.0,0.0065,0.9935,0.0087,0.0022,0.0,0.07,15,15
0.2,3.0,0.6,0.9919,0.0096,0.0025,1.0,0.0,0.0,0.0081,0.9903,0.011,0.0028,0.0,0.0,15,15
0.2,3.5,0.7,0.9927,0.0074,0.0019,1.0,0.0,0.0,0.0073,0.9871,0.0143,0.0037,0.07,0.0,15,15
0.2,4.0,0.8,0.983,0.0139,0.0036,1.0,0.0,0.0,0.017,0.9806,0.0131,0.0034,0.0,0.13,15,15
0.2,4.5,0.9,0.9806,0.0176,0.0045,1.0,0.0,0.0,0.0194,0.9733,0.0173,0.0045,0.07,0.0,15,15
0.2,5.0,1.0,0.9717,0.0201,0.0052,1.0,0.0,0.0,0.0283,0.9749,0.0162,0.0042,0.07,0.0,15,15
0.25,0.5,0.125,1.0,0.0,0.0,1.0,0.0,0.0,0.0,0.9976,0.0048,0.0013,0.0,0.07,15,15
0.25,1.0,0.25,0.996,0.0057,0.0015,1.0,0.0,0.0,0.004,0.9984,0.0041,0.0011,0.0,0.0,15,15
0.25,1.5,0.375,0.9976,0.0048,0.0013,1.0,0.0,0.0,0.0024,0.9984,0.0041,0.0011,0.0,0.0,15,15
0.25,2.0,0.5,0.9976,0.0048,0.0013,1.0,0.0,0.0,0.0024,0.9935,0.006,0.0016,0.0,0.0,15,15
0.25,2.5,0.625,0.9935,0.0075,0.0019,1.0,0.0,0.0,0.0065,0.9935,0.0087,0.0022,0.0,0.0,15,15
0.25,3.0,0.75,0.9887,0.015,0.0039,1.0,0.0,0.0,0.0113,0.9871,0.0156,0.004,0.0,0.0,15,15
0.25,3.5,0.875,0.9875,0.01,0.0026,1.0,0.0,0.0,0.0125,0.9838,0.0151,0.0039,0.07,0.0,15,15
0.25,4.0,1.0,0.9838,0.0145,0.0037,1.0,0.0,0.0,0.0162,0.9814,0.0192,0.005,0.07,0.07,15,15
0.25,4.5,1.125,0.9586,0.0246,0.0064,1.0,0.0,0.0,0.0414,0.9774,0.0139,0.0036,0.07,0.0,15,15
0.25,5.0,1.25,0.9604,0.0205,0.0053,1.0,0.0,0.0,0.0396,0.9701,0.0171,0.0044,0.2,0.13,15,15
0.3,0.5,0.15,0.9976,0.0048,0.0013,1.0,0.0,0.0,0.0024,0.9968,0.0054,0.0014,0.0,0.07,15,15
0.3,1.0,0.3,0.9968,0.0054,0.0014,1.0,0.0,0.0,0.0032,0.9976,0.0048,0.0013,0.0,0.0,15,15
0.3,1.5,0.45,0.996,0.0057,0.0015,1.0,0.0,0.0,0.004,0.9968,0.007,0.0018,0.0,0.0,15,15
0.3,2.0,0.6,0.9992,0.003,0.0008,1.0,0.0,0.0,0.0008,0.9943,0.0075,0.0019,0.0,0.0,15,15
0.3,2.5,0.75,0.9895,0.0087,0.0022,1.0,0.0,0.0,0.0105,0.9911,0.0082,0.0021,0.0,0.07,15,15
0.3,3.0,0.9,0.9863,0.0124,0.0032,1.0,0.0,0.0,0.0137,0.9871,0.0094,0.0024,0.0,0.0,15,15
0.3,3.5,1.05,0.9764,0.0185,0.0048,1.0,0.0,0.0,0.0236,0.9784,0.014,0.0036,0.0,0.0,15,15
0.3,4.0,1.2,0.9618,0.0223,0.0058,1.0,0.0,0.0,0.0382,0.9758,0.0166,0.0043,0.13,0.07,15,15
0.3,4.5,1.35,0.9442,0.0453,0.0117,1.0,0.0,0.0,0.0558,0.9693,0.0192,0.005,0.07,0.2,15,15
0.3,5.0,1.5,0.9192,0.0558,0.0144,1.0,0.0,0.0,0.0808,0.9475,0.0237,0.0061,0.07,0.27,15,15
0.35,0.5,0.175,0.996,0.0057,0.0015,0.9984,0.0041,0.0011,0.0024,0.9976,0.0048,0.0013,0.0,0.0,15,15
0.35,1.0,0.35,0.996,0.0057,0.0015,1.0,0.0,0.0,0.004,0.9943,0.006,0.0016,0.0,0.0,15,15
0.35,1.5,0.525,0.9943,0.006,0.0016,1.0,0.0,0.0,0.0057,0.9935,0.006,0.0016,0.0,0.0,15,15
0.35,2.0,0.7,0.9935,0.0087,0.0022,1.0,0.0,0.0,0.0065,0.9952,0.0059,0.0015,0.0,0.0,15,15
0.35,2.5,0.875,0.9895,0.0124,0.0032,1.0,0.0,0.0,0.0105,0.9895,0.0087,0.0022,0.0,0.0,15,15
0.35,3.0,1.05,0.979,0.0278,0.0072,1.0,0.0,0.0,0.021,0.9855,0.0101,0.0026,0.0,0.13,15,15
0.35,3.5,1.225,0.9717,0.022,0.0057,1.0,0.0,0.0,0.0283,0.9717,0.0186,0.0048,0.07,0.13,15,15
0.35,4.0,1.4,0.9434,0.039,0.0101,1.0,0.0,0.0,0.0566,0.9459,0.0334,0.0086,0.13,0.27,15,15
0.35,4.5,1.575,0.8723,0.094,0.0243,1.0,0.0,0.0,0.1277,0.9539,0.0266,0.0069,0.2,0.27,15,15
0.35,5.0,1.75,0.8337,0.0564,0.0146,1.0,0.0,0.0,0.1663,0.9458,0.0406,0.0105,0.13,0.27,15,15
0.4,0.5,0.2,0.9968,0.0054,0.0014,1.0,0.0,0.0,0.0032,0.9935,0.006,0.0016,0.0,0.13,15,15
0.4,1.0,0.4,0.9992,0.003,0.0008,1.0,0.0,0.0,0.0008,0.9968,0.0054,0.0014,0.0,0.0,15,15
0.4,1.5,0.6,0.9935,0.006,0.0016,1.0,0.0,0.0,0.0065,0.9887,0.0129,0.0033,0.0,0.0,15,15
0.4,2.0,0.8,0.9855,0.0167,0.0043,1.0,0.0,0.0,0.0145,0.9925,0.0072,0.0019,0.0,0.0,15,15
0.4,2.5,1.0,0.9871,0.0143,0.0037,1.0,0.0,0.0,0.0129,0.9855,0.0134,0.0035,0.0,0.07,15,15
0.4,3.0,1.2,0.9644,0.0327,0.0084,0.9992,0.003,0.0008,0.0347,0.979,0.0156,0.004,0.0,0.07,15,15
0.4,3.5,1.4,0.9628,0.0285,0.0074,1.0,0.0,0.0,0.0372,0.9677,0.0175,0.0045,0.07,0.2,15,15
0.4,4.0,1.6,0.9378,0.0447,0.0115,1.0,0.0,0.0,0.0622,0.9653,0.0225,0.0058,0.0,0.33,15,15
0.4,4.5,1.8,0.8634,0.0639,0.0165,1.0,0.0,0.0,0.1366,0.9499,0.0303,0.0078,0.13,0.2,15,15
0.4,5.0,2.0,0.8286,0.0982,0.0253,1.0,0.0,0.0,0.1714,0.9176,0.0658,0.017,0.2,0.13,15,15
0.45,0.5,0.225,0.9984,0.0041,0.0011,0.9992,0.003,0.0008,0.0008,0.9941,0.0059,0.0015,0.0,0.27,15,15
0.45,1.0,0.45,0.9968,0.0054,0.0014,1.0,0.0,0.0,0.0032,0.9943,0.006,0.0016,0.0,0.07,15,15
0.45,1.5,0.675,0.9919,0.0096,0.0025,1.0,0.0,0.0,0.0081,0.9863,0.0116,0.003,0.0,0.0,15,15
0.45,2.0,0.9,0.983,0.0112,0.0029,1.0,0.0,0.0,0.017,0.9895,0.0098,0.0025,0.0,0.0,15,15
0.45,2.5,1.125,0.9774,0.0328,0.0085,1.0,0.0,0.0,0.0226,0.9814,0.0187,0.0048,0.0,0.0,15,15
0.45,3.0,1.35,0.9572,0.0229,0.0059,1.0,0.0,0.0,0.0428,0.9636,0.0198,0.0051,0.07,0.07,15,15
0.45,3.5,1.575,0.941,0.0375,0.0097,1.0,0.0,0.0,0.059,0.9563,0.0296,0.0076,0.0,0.13,15,15
0.45,4.0,1.8,0.906,0.0643,0.0166,1.0,0.0,0.0,0.094,0.9376,0.058,0.015,0.13,0.2,15,15
0.45,4.5,2.025,0.8481,0.0774,0.02,0.9992,0.003,0.0008,0.1511,0.9418,0.0307,0.0079,0.2,0.4,15,15
0.45,5.0,2.25,0.7739,0.0967,0.025,1.0,0.0,0.0,0.2261,0.899,0.0771,0.0199,0.53,0.47,15,15
0.5,0.5,0.25,0.9935,0.006,0.0016,1.0,0.0,0.0,0.0065,0.9911,0.0094,0.0024,0.07,0.2,15,15
0.5,1.0,0.5,0.996,0.0057,0.0015,1.0,0.0,0.0,0.004,0.9903,0.0119,0.0031,0.07,0.0,15,15
0.5,1.5,0.75,0.9943,0.0098,0.0025,0.9992,0.003,0.0008,0.0048,0.9887,0.0143,0.0037,0.0,0.0,15,15
0.5,2.0,1.0,0.9782,0.0161,0.0042,1.0,0.0,0.0,0.0218,0.9903,0.0079,0.002,0.07,0.0,15,15
0.5,2.5,1.25,0.9685,0.025,0.0064,1.0,0.0,0.0,0.0315,0.9612,0.0373,0.0096,0.0,0.07,15,15
0.5,3.0,1.5,0.9616,0.0254,0.0066,1.0,0.0,0.0,0.0384,0.9594,0.027,0.007,0.0,0.07,15,15
0.5,3.5,1.75,0.9248,0.0489,0.0126,1.0,0.0,0.0,0.0752,0.9539,0.0213,0.0055,0.07,0.27,15,15
0.5,4.0,2.0,0.9006,0.0623,0.0161,1.0,0.0,0.0,0.0994,0.924,0.0219,0.0057,0.13,0.4,15,15
0.5,4.5,2.25,0.8133,0.0879,0.0227,1.0,0.0,0.0,0.1867,0.8982,0.0598,0.0155,0.33,0.47,15,15
0.5,5.0,2.5,0.7157,0.1146,0.0296,1.0,0.0,0.0,0.2843,0.9055,0.0458,0.0118,0.4,0.4,15,15
0.55,0.5,0.275,0.9949,0.0073,0.0019,0.9992,0.003,0.0008,0.0042,0.9943,0.006,0.0016,0.07,0.07,15,15
0.55,1.0,0.55,0.996,0.0057,0.0015,1.0,0.0,0.0,0.004,0.9887,0.0129,0.0033,0.0,0.07,15,15
0.55,1.5,0.825,0.9855,0.011,0.0028,0.9992,0.003,0.0008,0.0137,0.9871,0.0094,0.0024,0.0,0.07,15,15
0.55,2.0,1.1,0.9758,0.0153,0.004,0.9992,0.003,0.0008,0.0234,0.983,0.0124,0.0032,0.0,0.0,15,15
0.55,2.5,1.375,0.9547,0.0185,0.0048,1.0,0.0,0.0,0.0453,0.9448,0.037,0.0096,0.0,0.07,15,15
0.55,3.0,1.65,0.9378,0.0396,0.0102,0.9992,0.003,0.0008,0.0614,0.9523,0.0336,0.0087,0.07,0.13,15,15
0.55,3.5,1.925,0.8681,0.0838,0.0216,1.0,0.0,0.0,0.1319,0.9313,0.0359,0.0093,0.13,0.13,15,15
0.55,4.0,2.2,0.7884,0.0989,0.0255,1.0,0.0,0.0,0.2116,0.9038,0.0787,0.0203,0.27,0.4,15,15
0.55,4.5,2.475,0.6356,0.1768,0.0456,1.0,0.0,0.0,0.3644,0.8893,0.0704,0.0182,0.33,0.27,15,15
0.55,5.0,2.75,0.5734,0.1755,0.0453,1.0,0.0,0.0,0.4266,0.86,0.0646,0.0167,0.4,0.2,15,15
0.6,0.5,0.3,0.9911,0.0054,0.0014,0.9984,0.0041,0.0011,0.0073,0.9893,0.0158,0.0041,0.07,0.2,15,15
0.6,1.0,0.6,0.9952,0.0059,0.0015,1.0,0.0,0.0,0.0048,0.9887,0.0121,0.0031,0.0,0.13,15,15
0.6,1.5,0.9,0.9717,0.0268,0.0069,0.9992,0.003,0.0008,0.0275,0.9822,0.0202,0.0052,0.0,0.07,15,15
0.6,2.0,1.2,0.9798,0.0151,0.0039,1.0,0.0,0.0,0.0202,0.9677,0.0196,0.0051,0.07,0.07,15,15
0.6,2.5,1.5,0.941,0.0362,0.0093,0.9992,0.003,0.0008,0.0582,0.9556,0.0302,0.0078,0.07,0.07,15,15
0.6,3.0,1.8,0.9135,0.0769,0.0199,1.0,0.0,0.0,0.0865,0.9507,0.0267,0.0069,0.07,0.2,15,15
0.6,3.5,2.1,0.84,0.0757,0.0195,0.9992,0.003,0.0008,0.1592,0.9127,0.0384,0.0099,0.0,0.33,15,15
0.6,4.0,2.4,0.8147,0.0877,0.0227,1.0,0.0,0.0,0.1853,0.907,0.0576,0.0149,0.27,0.53,15,15
0.6,4.5,2.7,0.6405,0.1538,0.0397,0.9976,0.0048,0.0013,0.3571,0.8614,0.0688,0.0178,0.2,0.33,15,15
0.6,5.0,3.0,0.4877,0.1821,0.047,1.0,0.0,0.0,0.5123,0.8624,0.0871,0.0225,0.67,0.67,15,15
0.65,0.5,0.325,0.9935,0.0098,0.0025,0.9976,0.0048,0.0013,0.004,0.9834,0.012,0.0031,0.13,0.27,15,15
0.65,1.0,0.65,0.9903,0.011,0.0028,0.9976,0.0048,0.0013,0.0073,0.9824,0.0106,0.0027,0.0,0.0,15,15
0.65,1.5,0.975,0.979,0.015,0.0039,0.9992,0.003,0.0008,0.0202,0.9592,0.0261,0.0067,0.0,0.07,15,15
0.65,2.0,1.3,0.9537,0.0308,0.0079,1.0,0.0,0.0,0.0463,0.9644,0.019,0.0049,0.0,0.0,15,15
0.65,2.5,1.625,0.9273,0.0544,0.014,0.9992,0.003,0.0008,0.0719,0.9594,0.0337,0.0087,0.0,0.0,15,15
0.65,3.0,1.95,0.8651,0.0478,0.0124,0.9992,0.003,0.0008,0.1341,0.9145,0.0569,0.0147,0.13,0.33,15,15
0.65,3.5,2.275,0.8155,0.069,0.0178,0.9976,0.0048,0.0013,0.182,0.8899,0.0646,0.0167,0.33,0.33,15,15
0.65,4.0,2.6,0.7424,0.1199,0.031,0.9992,0.003,0.0008,0.2568,0.9012,0.0481,0.0124,0.4,0.13,15,15
0.65,4.5,2.925,0.6097,0.1442,0.0372,0.9992,0.003,0.0008,0.3895,0.8167,0.0857,0.0221,0.6,0.67,15,15
0.65,5.0,3.25,0.3817,0.1864,0.0481,0.9943,0.0124,0.0032,0.6127,0.7899,0.1188,0.0307,0.67,0.53,15,15
0.7,0.5,0.35,0.9935,0.0098,0.0025,0.9976,0.0048,0.0013,0.004,0.9883,0.0109,0.0028,0.0,0.27,15,15
0.7,1.0,0.7,0.9889,0.0108,0.0028,0.9992,0.003,0.0008,0.0103,0.9871,0.0082,0.0021,0.0,0.07,15,15
0.7,1.5,1.05,0.9717,0.0241,0.0062,0.9968,0.0094,0.0024,0.0251,0.976,0.0138,0.0036,0.0,0.07,15,15
0.7,2.0,1.4,0.9545,0.0262,0.0068,0.9935,0.0124,0.0032,0.039,0.9541,0.0341,0.0088,0.0,0.07,15,15
0.7,2.5,1.75,0.9254,0.0468,0.0121,0.9927,0.0107,0.0028,0.0673,0.9392,0.0577,0.0149,0.07,0.13,15,15
0.7,3.0,2.1,0.8818,0.0536,0.0138,0.9984,0.0041,0.0011,0.1166,0.9111,0.0514,0.0133,0.2,0.2,15,15
0.7,3.5,2.45,0.8147,0.1065,0.0275,0.9968,0.007,0.0018,0.1821,0.8705,0.0664,0.0172,0.33,0.53,15,15
0.7,4.0,2.8,0.6872,0.1139,0.0294,0.9927,0.0124,0.0032,0.3055,0.8559,0.0774,0.02,0.53,0.2,15,15
0.7,4.5,3.15,0.5792,0.1129,0.0291,0.9943,0.006,0.0016,0.4151,0.77,0.1204,0.0311,0.53,0.47,15,15
0.7,5.0,3.5,0.2424,0.1455,0.0376,0.9968,0.007,0.0018,0.7543,0.8497,0.0888,0.0229,0.73,0.27,15,15
